{
  "r2": -0.0011066710676688185,
  "r2_ci": [
    -0.006104769030834267,
    0.0019544227785867163
  ],
  "n_boot": 100
}